{"map_info": {"height": 246.69633159543116, "width": 346.84748099431476}}